,0,1
0,0.7153006008913515,0.2846993991086485
1,0.2665030224301872,0.7334969775698128
2,0.5680279584031951,0.4319720415968049
3,0.8672177772642276,0.13278222273577242
4,0.7204909831459584,0.2795090168540416
5,0.497662216125053,0.502337783874947
6,0.6804256011686407,0.31957439883135935
7,0.6391936966425509,0.36080630335744907
8,0.6049142510005117,0.3950857489994883
9,0.2837745375829155,0.7162254624170845
10,0.5041049937731998,0.4958950062268001
11,0.5141383605072332,0.4858616394927669
12,0.6684677169194304,0.3315322830805696
13,0.43822678236740176,0.5617732176325982
14,0.61409670552299,0.38590329447701005
15,0.74525069917533,0.25474930082467
16,0.3907196769037511,0.6092803230962489
17,0.771130341093361,0.22886965890663905
18,0.5995392498677554,0.4004607501322446
19,0.5102341034725644,0.4897658965274356
20,0.6112717029175626,0.3887282970824374
21,0.7583033024782702,0.2416966975217298
22,0.6290182662624213,0.37098173373757876
23,0.8564397006547204,0.14356029934527959
24,0.4926114221783773,0.5073885778216227
25,0.46409017969678934,0.5359098203032107
26,0.6452787175763235,0.35472128242367656
27,0.3976521941087603,0.6023478058912397
28,0.8268430998496519,0.17315690015034807
29,0.6508244560357326,0.34917554396426737
30,0.2242568685503622,0.7757431314496378
31,0.656330643386266,0.343669356613734
32,0.249141858226972,0.750858141773028
33,0.5364603614486911,0.4635396385513089
34,0.7819356766041969,0.21806432339580312
35,0.8148625647729681,0.1851374352270319
36,0.49078025285093774,0.5092197471490623
37,0.6331644882459303,0.3668355117540697
38,0.5074185056246908,0.4925814943753092
39,0.5864547860388061,0.4135452139611939
40,0.5940130687473222,0.4059869312526778
41,0.2513712106888545,0.7486287893111455
42,0.7852445612723008,0.21475543872769923
43,0.45649559774365056,0.5435044022563494
44,0.7219594695237344,0.2780405304762657
45,0.753894136395356,0.24610586360464398
46,0.5855833201592289,0.41441667984077113
47,0.6012481952744331,0.3987518047255669
48,0.5387016328315966,0.46129836716840344
49,0.7054971603361255,0.2945028396638744
50,0.5380405757138551,0.4619594242861449
51,0.5099082069855627,0.4900917930144372
52,0.4912825468006534,0.5087174531993466
53,0.43445160554605844,0.5655483944539416
54,0.5437307540107505,0.4562692459892495
55,0.4864586771167736,0.5135413228832264
56,0.6304849992021307,0.36951500079786925
57,0.45538197730523444,0.5446180226947656
58,0.7330492289113004,0.2669507710886995
59,0.9489398524997477,0.051060147500252305
60,0.7303187029312177,0.2696812970687823
61,0.646939995543713,0.353060004456287
62,0.49157186104587447,0.5084281389541255
63,0.5652032102614836,0.43479678973851643
64,0.3966915951816129,0.6033084048183871
65,0.7603460979387502,0.23965390206124976
66,0.3883296250305952,0.6116703749694048
67,0.7623976108801689,0.23760238911983114
68,0.6442312839210902,0.35576871607890975
69,0.687867444057788,0.312132555942212
70,0.47606100031604415,0.5239389996839559
71,0.7473850406836373,0.25261495931636274
72,0.7533094142258429,0.24669058577415712
73,0.7580607139092201,0.2419392860907799
74,0.5174646771130615,0.48253532288693846
75,0.4107924169143593,0.5892075830856407
76,0.4294185359450189,0.5705814640549811
77,0.6867653819992406,0.31323461800075936
78,0.7833341712416348,0.2166658287583651
79,0.6717809325302139,0.32821906746978613
80,0.7737846365917624,0.22621536340823759
81,0.638123308352186,0.36187669164781394
82,0.39448937440419596,0.605510625595804
83,0.6303190237234795,0.3696809762765206
84,0.6760949519043009,0.3239050480956991
85,0.669564282797558,0.330435717202442
86,0.6173054204024063,0.3826945795975937
87,0.28355845650546363,0.7164415434945364
88,0.7874116988346309,0.21258830116536906
89,0.6280881865392961,0.3719118134607039
90,0.5839471138042494,0.41605288619575065
91,0.5311786355609713,0.4688213644390287
92,0.7940318164993345,0.20596818350066542
93,0.37453880012812035,0.6254611998718796
94,0.6483002579156307,0.35169974208436927
95,0.6440433793138967,0.3559566206861034
96,0.2662446355363116,0.7337553644636884
97,0.6876447731052202,0.3123552268947798
98,0.4835418587240995,0.5164581412759005
99,0.46379331694531023,0.5362066830546898
100,0.5802128529030419,0.4197871470969581
101,0.8183090594011837,0.18169094059881627
102,0.300794422135502,0.699205577864498
103,0.467022100640912,0.532977899359088
104,0.425747413156884,0.574252586843116
105,0.5743083451594009,0.4256916548405991
106,0.46803867102695007,0.5319613289730499
107,0.7472292416480821,0.25277075835191787
108,0.54073866869053,0.45926133130947006
109,0.5358947733229554,0.46410522667704457
110,0.7561870896342342,0.24381291036576577
111,0.6053969099361918,0.39460309006380817
112,0.7843155490050602,0.21568445099493982
113,0.35693231287612626,0.6430676871238737
114,0.37738034853974944,0.6226196514602506
115,0.8119704808268832,0.1880295191731168
116,0.6556461043987052,0.34435389560129476
117,0.606085948480183,0.3939140515198169
118,0.6220463919141928,0.3779536080858072
119,0.5498705138553883,0.4501294861446116
120,0.7009132273815275,0.2990867726184725
121,0.40012809602644817,0.5998719039735518
122,0.7196978359821582,0.28030216401784175
123,0.5948859129206746,0.4051140870793254
124,0.3504606164817978,0.6495393835182022
125,0.47117072545564975,0.5288292745443502
126,0.43771013290770044,0.5622898670922996
127,0.7507266002778682,0.24927339972213178
128,0.6098473621748419,0.3901526378251581
129,0.7517355184081288,0.24826448159187123
130,0.8001128129015884,0.1998871870984116
131,0.47850128473859066,0.5214987152614093
132,0.7729055159548461,0.2270944840451538
133,0.44729160766862675,0.5527083923313733
134,0.934739011600099,0.06526098839990098
135,0.2898706507630048,0.7101293492369952
136,0.5300317102529972,0.4699682897470028
137,0.49960123679222657,0.5003987632077734
138,0.44190015875383226,0.5580998412461677
139,0.8228166707906064,0.17718332920939367
140,0.7597126193385351,0.24028738066146496
141,0.5196540445872606,0.48034595541273933
142,0.40787758802745555,0.5921224119725444
143,0.4394080652847715,0.5605919347152285
144,0.4734190471991775,0.5265809528008225
145,0.5403844408787676,0.4596155591212324
146,0.1243634615301974,0.8756365384698026
147,0.6863972866654611,0.31360271333453893
148,0.5220429111237408,0.47795708887625915
149,0.6333474726845965,0.36665252731540354
150,0.8039707101620351,0.19602928983796483
151,0.7594156915732033,0.24058430842679673
152,0.39370903684793535,0.6062909631520647
153,0.4626843656582402,0.5373156343417598
154,0.7047367537424933,0.2952632462575067
155,0.7831021843117327,0.21689781568826721
156,0.5578083445992876,0.4421916554007123
157,0.7658233236610275,0.23417667633897257
158,0.4847920598930837,0.5152079401069163
159,0.7640431672821895,0.23595683271781048
160,0.5678198553856848,0.43218014461431514
161,0.2814799097814421,0.7185200902185579
162,0.16612930188990427,0.8338706981100957
163,0.7035800614839949,0.2964199385160051
164,0.34097083404504325,0.6590291659549568
165,0.46726668501810364,0.5327333149818964
166,0.39608651387549343,0.6039134861245066
167,0.7645031988024332,0.23549680119756675
168,0.3725224593657367,0.6274775406342633
169,0.8277863041669941,0.17221369583300594
170,0.45367897168689375,0.5463210283131062
171,0.6735214001806813,0.3264785998193187
172,0.8106872537230889,0.18931274627691114
173,0.6001848930743815,0.3998151069256185
174,0.7492478787711212,0.2507521212288788
175,0.6505863592114451,0.3494136407885548
176,0.44572105740749557,0.5542789425925044
177,0.5128850577864157,0.48711494221358426
178,0.6150677105904933,0.38493228940950674
179,0.8086570191586249,0.1913429808413751
180,0.7809725542986252,0.21902744570137472
181,0.9400088556854695,0.05999114431453048
182,0.5600222099714078,0.4399777900285921
183,0.633779921427251,0.36622007857274896
184,0.6006242698100763,0.3993757301899236
185,0.7222250722785457,0.2777749277214543
186,0.5265773191527332,0.4734226808472668
187,0.4489974499297885,0.5510025500702115
188,0.4808933393710696,0.5191066606289304
189,0.309064968842395,0.690935031157605
190,0.5680288136076925,0.4319711863923075
191,0.3900408908987034,0.6099591091012966
192,0.6356038196236051,0.3643961803763949
193,0.3181140605343813,0.6818859394656187
194,0.6521378840996181,0.34786211590038185
195,0.30716447064567554,0.6928355293543245
196,0.7941621069916797,0.2058378930083203
197,0.41908702233045336,0.5809129776695466
198,0.5082394462842643,0.4917605537157357
199,0.48045528373105195,0.519544716268948
200,0.4405323346509512,0.5594676653490488
201,0.64109225807476,0.35890774192524005
202,0.3791356058425084,0.6208643941574916
203,0.7529178226596572,0.24708217734034277
204,0.6200755854561828,0.37992441454381715
205,0.4080211901234556,0.5919788098765444
206,0.6550958733443217,0.3449041266556783
207,0.698373974170269,0.301626025829731
208,0.5577141438369285,0.4422858561630715
209,0.6901545124583648,0.30984548754163516
210,0.49041323426112393,0.5095867657388761
211,0.3359350040663792,0.6640649959336208
212,0.29812637749166015,0.7018736225083398
213,0.5879110900463551,0.41208890995364494
214,0.8196592959720628,0.18034070402793717
215,0.6018872461638416,0.39811275383615835
216,0.3336182006280344,0.6663817993719656
217,0.585849574584508,0.4141504254154919
218,0.4062771272459451,0.5937228727540549
219,0.6444153518929533,0.3555846481070467
220,0.7651077155988325,0.23489228440116752
221,0.28160211219897135,0.7183978878010286
222,0.7957307995487486,0.2042692004512514
223,0.5301064233662486,0.4698935766337514
224,0.6240047144443097,0.3759952855556903
225,0.6156332513407781,0.384366748659222
226,0.8565402223722558,0.14345977762774417
227,0.669089309812537,0.330910690187463
228,0.7880637259862608,0.21193627401373916
229,0.675093647774154,0.324906352225846
230,0.4764964287940813,0.5235035712059187
231,0.7706537298729352,0.22934627012706482
232,0.6942278789984435,0.30577212100155643
233,0.5036323286444522,0.4963676713555479
234,0.5272969645156595,0.4727030354843405
235,0.6179728999082773,0.3820271000917227
236,0.6675925017024735,0.3324074982975264
237,0.6452948090226325,0.3547051909773676
238,0.5440215128325767,0.45597848716742334
239,0.573120595350302,0.42687940464969804
240,0.66665742456896,0.3333425754310399
241,0.7503113068505706,0.2496886931494294
242,0.6563507622910895,0.34364923770891054
243,0.7211163470094459,0.2788836529905541
244,0.5931936436620304,0.4068063563379696
245,0.5718136418971447,0.42818635810285527
246,0.7252272158921665,0.27477278410783346
247,0.586728602110191,0.4132713978898091
248,0.593333094452182,0.406666905547818
249,0.6886712817597394,0.3113287182402607
250,0.34748343100343226,0.6525165689965677
251,0.4607728124850592,0.5392271875149408
252,0.4069934063871613,0.5930065936128387
253,0.8641391994884932,0.1358608005115068
254,0.6982537079562197,0.3017462920437804
255,0.7718012718559324,0.22819872814406758
256,0.6249139769427529,0.37508602305724714
257,0.8312195552969412,0.16878044470305875
258,0.462404698017028,0.537595301982972
259,0.8054120542955532,0.1945879457044468
260,0.6437085440526253,0.3562914559473747
261,0.45202982318348295,0.547970176816517
262,0.2463165334562819,0.7536834665437181
263,0.510973381684013,0.489026618315987
264,0.5337910522261584,0.46620894777384164
265,0.7261873719481413,0.27381262805185874
266,0.6794163323940328,0.3205836676059673
267,0.7561094027740477,0.24389059722595233
268,0.3465042623964425,0.6534957376035575
269,0.35235324751247066,0.6476467524875293
270,0.5163769610742317,0.4836230389257683
271,0.7456795764420694,0.25432042355793066
272,0.5077644532828981,0.4922355467171019
273,0.5469084775377109,0.4530915224622891
274,0.8542109618010967,0.1457890381989033
275,0.6065696332427332,0.39343036675726684
276,0.8190995471857435,0.18090045281425646
277,0.3631984204597283,0.6368015795402717
278,0.505194893751042,0.49480510624895807
279,0.8191131471527959,0.18088685284720404
280,0.5000657356156013,0.4999342643843987
281,0.5708448075282389,0.4291551924717611
282,0.6581351334718684,0.34186486652813164
283,0.6712448108990986,0.3287551891009014
284,0.6887071803475697,0.3112928196524303
285,0.44393918550268285,0.5560608144973171
286,0.5734491802540825,0.42655081974591746
287,0.43614305123142305,0.563856948768577
288,0.6234985798847559,0.3765014201152441
289,0.4589483418994723,0.5410516581005277
290,0.6899598237253328,0.3100401762746671
291,0.7640779415521415,0.23592205844785857
292,0.41086057855186797,0.589139421448132
293,0.6329396601662414,0.3670603398337586
294,0.6110056534383719,0.38899434656162807
295,0.7668499089117649,0.23315009108823515
296,0.40725822886543617,0.5927417711345638
297,0.5842611753241986,0.4157388246758013
298,0.5258305867578443,0.4741694132421557
299,0.6536318336956697,0.34636816630433037
300,0.6775007746242602,0.32249922537573983
301,0.38119126397853975,0.6188087360214602
302,0.5912521952614842,0.40874780473851585
303,0.48250226369570315,0.5174977363042969
304,0.6119671367492463,0.38803286325075365
305,0.6652677965371421,0.33473220346285787
306,0.6129502973718315,0.38704970262816846
307,0.8309985370025411,0.1690014629974589
308,0.7523308605024146,0.2476691394975854
309,0.6832334047422843,0.3167665952577156
310,0.31985879625555635,0.6801412037444436
311,0.5408616302472975,0.4591383697527025
312,0.6487695512180548,0.3512304487819452
313,0.2298666939240358,0.7701333060759642
314,0.7758985583232753,0.22410144167672477
315,0.4524615622861129,0.5475384377138871
316,0.22598062325366441,0.7740193767463356
317,0.20189456186884147,0.7981054381311585
318,0.8024650811033762,0.19753491889662383
319,0.609939149425222,0.39006085057477796
320,0.55804705721732,0.4419529427826801
321,0.6360041977041369,0.3639958022958632
322,0.6141517781212649,0.3858482218787352
323,0.6587015260186686,0.34129847398133145
324,0.5836186396114014,0.4163813603885987
325,0.6067190600823229,0.39328093991767715
326,0.3391141317711933,0.6608858682288067
327,0.5653657433231847,0.43463425667681527
328,0.7341955879359594,0.2658044120640406
329,0.6392628641864454,0.3607371358135546
330,0.4536249827380989,0.5463750172619011
331,0.7180574344115935,0.2819425655884064
332,0.4391541048666878,0.5608458951333122
333,0.5691563422049584,0.43084365779504163
334,0.48192996019636714,0.5180700398036329
335,0.38211352181116887,0.6178864781888311
336,0.4183776944323425,0.5816223055676575
337,0.5074667632864864,0.4925332367135136
338,0.584878833352896,0.41512116664710397
339,0.5572453126695249,0.4427546873304751
340,0.49974391519402195,0.500256084805978
341,0.5764439696262953,0.4235560303737047
342,0.6238175729276182,0.3761824270723818
343,0.9380836789044055,0.061916321095594494
344,0.2841611787545337,0.7158388212454663
345,0.9483386757948767,0.05166132420512328
346,0.4438344323157608,0.5561655676842392
347,0.6060590804202904,0.39394091957970956
348,0.59580165158804,0.40419834841196006
349,0.4203730032972227,0.5796269967027773
350,0.7364986475749321,0.2635013524250679
351,0.9602522795579869,0.03974772044201318
352,0.5702562335293041,0.4297437664706959
353,0.6655888209707588,0.33441117902924117
354,0.8753937984133013,0.12460620158669868
355,0.8254054717533367,0.17459452824666333
356,0.6256856553748539,0.3743143446251461
357,0.7388004490205137,0.26119955097948633
358,0.3420656159738973,0.6579343840261027
359,0.7655789366241291,0.2344210633758709
360,0.4656683324758073,0.5343316675241927
361,0.5867073536386656,0.4132926463613344
362,0.2698628442686103,0.7301371557313897
363,0.6455679939570796,0.35443200604292036
364,0.6504857653872707,0.34951423461272935
365,0.4244275358592876,0.5755724641407124
366,0.49986202295297366,0.5001379770470263
367,0.6058882936995831,0.39411170630041686
368,0.5547323637917403,0.44526763620825965
369,0.7410658495723264,0.2589341504276736
370,0.586492370807906,0.41350762919209405
371,0.745286022529197,0.25471397747080304
372,0.6825397254154866,0.31746027458451337
373,0.7301015343954536,0.2698984656045464
374,0.41230763421974026,0.5876923657802597
375,0.5570214810605396,0.44297851893946044
376,0.49887435957397197,0.501125640426028
377,0.4053169023859896,0.5946830976140104
378,0.48361728935444603,0.516382710645554
379,0.4141754404541985,0.5858245595458015
380,0.6201341486369828,0.3798658513630172
381,0.7537342708509056,0.24626572914909442
382,0.4876367384584974,0.5123632615415026
383,0.4612038665777317,0.5387961334222683
384,0.4571103052816248,0.5428896947183752
385,0.4383089143758073,0.5616910856241927
386,0.3188843809013283,0.6811156190986717
387,0.8128401978983628,0.18715980210163716
388,0.9803793884627203,0.01962061153727967
389,0.6837340274297906,0.3162659725702094
390,0.6371022976881511,0.36289770231184887
391,0.5474953183163107,0.4525046816836893
392,0.8034781518776366,0.19652184812236342
393,0.5207430069173311,0.4792569930826689
394,0.27785752195447866,0.7221424780455213
395,0.6904392036035755,0.30956079639642453
396,0.811808601424864,0.18819139857513598
397,0.5971822110750881,0.40281778892491193
398,0.5061598429114567,0.4938401570885434
399,0.6566883421307712,0.34331165786922885
400,0.967073665991792,0.03292633400820802
401,0.44686337046901503,0.553136629530985
402,0.5533990823153146,0.44660091768468535
403,0.7488806057570248,0.2511193942429752
404,0.7898769323481363,0.21012306765186375
405,0.7407342916325184,0.2592657083674816
406,0.791722846687579,0.20827715331242103
407,0.6800795480316969,0.3199204519683031
408,0.6427667522391154,0.35723324776088466
409,0.5830401706315811,0.41695982936841897
410,0.6187731172251144,0.3812268827748856
411,0.3627670935720525,0.6372329064279475
412,0.717172466872636,0.282827533127364
413,0.7665803167457801,0.23341968325421988
414,0.5594108475119235,0.4405891524880765
415,0.8269148737524337,0.17308512624756628
416,0.5419069130871824,0.4580930869128176
417,0.48448274559667104,0.515517254403329
418,0.5680177604261191,0.43198223957388093
419,0.822883277840302,0.177116722159698
420,0.7062545859835334,0.29374541401646664
421,0.4010612465882054,0.5989387534117946
422,0.5794334796937459,0.420566520306254
423,0.5554063881023075,0.4445936118976926
424,0.6161760951011238,0.3838239048988762
425,0.7482733322603239,0.25172666773967606
426,0.4321252604709097,0.5678747395290903
427,0.5507088756601013,0.44929112433989865
428,0.6285766088577461,0.37142339114225387
429,0.5968533814293319,0.40314661857066814
430,0.8050281900354481,0.1949718099645519
431,0.6559494614618367,0.34405053853816325
432,0.6589034380690897,0.34109656193091026
433,0.7433539289883591,0.25664607101164094
434,0.4550637567513677,0.5449362432486323
435,0.6426285575404947,0.35737144245950525
436,0.7657101236206438,0.2342898763793562
437,0.6756047500880928,0.3243952499119072
438,0.5457669832866854,0.45423301671331456
439,0.7402725519770664,0.25972744802293357
440,0.659492179198073,0.34050782080192693
441,0.28139043444416234,0.7186095655558377
442,0.47385010393629934,0.5261498960637007
443,0.45801417122387833,0.5419858287761217
444,0.7551389806253735,0.24486101937462645
445,0.18374026311681269,0.8162597368831873
446,0.7983922485254531,0.20160775147454696
447,0.5104102562157127,0.4895897437842874
448,0.4656821001329826,0.5343178998670174
449,0.7047746478943931,0.29522535210560685
450,0.4075254616534084,0.5924745383465916
451,0.5778750392553351,0.4221249607446648
452,0.5453059393980959,0.4546940606019041
453,0.7530201311971907,0.24697986880280925
454,0.6490940786314305,0.3509059213685695
455,0.6247594508723543,0.3752405491276457
456,0.7210462290325357,0.2789537709674643
457,0.5368338365913099,0.4631661634086901
458,0.46132946678728937,0.5386705332127106
459,0.5519226769740473,0.4480773230259527
460,0.414403151756469,0.585596848243531
461,0.6906226385608722,0.3093773614391278
462,0.7564982933551224,0.24350170664487758
463,0.7444850960583722,0.25551490394162785
464,0.6734329626488118,0.32656703735118825
465,0.6323178479571181,0.36768215204288185
466,0.6791839524766536,0.3208160475233464
467,0.7460801230676801,0.2539198769323199
468,0.6725057797717442,0.32749422022825586
469,0.7154936439013091,0.2845063560986909
470,0.7721636051214711,0.2278363948785289
471,0.6193223537149039,0.38067764628509615
472,0.7108059088185863,0.2891940911814137
473,0.556912514981016,0.443087485018984
474,0.5357852971953012,0.46421470280469884
475,0.5897301189729541,0.41026988102704587
476,0.42930904395316616,0.5706909560468338
477,0.4979712770000885,0.5020287229999115
478,0.5969871910925411,0.4030128089074589
479,0.3446351334093759,0.6553648665906241
480,0.32195932512557146,0.6780406748744285
481,0.49977545257072,0.50022454742928
482,0.41458981674237205,0.585410183257628
483,0.23015151970619052,0.7698484802938095
484,0.8151097563503623,0.1848902436496377
485,0.5479711914187982,0.45202880858120176
486,0.6413241637501426,0.35867583624985744
487,0.5918056320639304,0.4081943679360695
488,0.6314396367668731,0.36856036323312685
489,0.2714827114894949,0.7285172885105051
490,0.6011995328354803,0.39880046716451967
491,0.31087272940172406,0.6891272705982759
492,0.4805001137583298,0.5194998862416702
493,0.36142590695894194,0.638574093041058
494,0.5922147706364334,0.4077852293635666
495,0.4908805263673589,0.5091194736326411
496,0.6054405876747434,0.3945594123252566
497,0.4812777523352253,0.5187222476647747
498,0.5624809389246446,0.4375190610753555
499,0.7931547603615623,0.2068452396384377
500,0.7366318593341122,0.26336814066588776
501,0.6625388241661405,0.3374611758338595
502,0.8182042660142274,0.18179573398577267
503,0.46159619597757506,0.5384038040224249
504,0.7649174916412873,0.23508250835871272
505,0.3579235619605199,0.6420764380394801
506,0.2359954780470408,0.7640045219529592
507,0.7928824626703437,0.2071175373296563
508,0.6292445640409272,0.37075543595907273
509,0.775093214481422,0.22490678551857804
510,0.4346408615419315,0.5653591384580685
511,0.6501969316670094,0.3498030683329906
512,0.7335876779633137,0.2664123220366863
513,0.7629699098729935,0.23703009012700646
514,0.5915646838378446,0.4084353161621555
515,0.6241844780009045,0.37581552199909546
516,0.2536896159538302,0.7463103840461698
517,0.7167146802332349,0.2832853197667651
518,0.5236660329252134,0.47633396707478654
519,0.8245915026452861,0.17540849735471384
520,0.5335014769832731,0.4664985230167269
521,0.720660091083662,0.27933990891633803
522,0.7973519496087529,0.20264805039124706
523,0.5709459345236569,0.42905406547634306
524,0.7286310969837881,0.2713689030162118
525,0.633567748236099,0.36643225176390104
526,0.7796287043603004,0.22037129563969957
527,0.6216082934239928,0.3783917065760072
528,0.3974548170697483,0.6025451829302517
529,0.6864963656302894,0.3135036343697107
530,0.7725057414815458,0.2274942585184542
531,0.30046719152704804,0.699532808472952
532,0.7324813268974935,0.2675186731025066
533,0.5600000226774992,0.43999997732250085
534,0.6766438328880263,0.3233561671119737
535,0.5302512180302251,0.4697487819697749
536,0.5015134105471821,0.49848658945281793
537,0.6989248599410043,0.30107514005899577
538,0.692050694058601,0.307949305941399
539,0.7516765165527861,0.24832348344721386
540,0.691386561978682,0.308613438021318
541,0.5432382935025588,0.45676170649744113
542,0.7662354963762497,0.2337645036237504
543,0.6226795641144598,0.3773204358855402
544,0.4607324457761638,0.5392675542238362
545,0.486970401848841,0.513029598151159
546,0.5704679664808573,0.4295320335191427
547,0.5608597873418415,0.43914021265815845
548,0.6605487354828325,0.3394512645171674
549,0.6247457214609291,0.3752542785390709
550,0.45769260279939417,0.5423073972006058
551,0.4263992276883737,0.5736007723116263
552,0.610130188357975,0.38986981164202505
553,0.7394978145528368,0.2605021854471632
554,0.626425950472297,0.373574049527703
555,0.4175643925217246,0.5824356074782754
556,0.5061088794715649,0.49389112052843515
557,0.6122243814238941,0.38777561857610593
558,0.49555788126768696,0.504442118732313
559,0.5537024672100674,0.4462975327899325
560,0.572549180168408,0.42745081983159205
561,0.6931427038124254,0.3068572961875746
562,0.6181029073705466,0.3818970926294533
563,0.6960909372436094,0.3039090627563906
564,0.6322805256065291,0.36771947439347086
565,0.6524985210937548,0.3475014789062451
566,0.3702630417571271,0.6297369582428729
567,0.7360995923603473,0.2639004076396527
568,0.7876608500861169,0.21233914991388317
569,0.7169110414077691,0.28308895859223093
570,0.5352656064920576,0.4647343935079424
571,0.7824028236339543,0.21759717636604572
572,0.515823815878452,0.4841761841215479
573,0.5076683010922072,0.4923316989077929
574,0.4971761948477802,0.5028238051522198
575,0.6725944754273538,0.32740552457264616
576,0.5937315446258653,0.40626845537413475
577,0.6582664590700541,0.3417335409299459
578,0.6927014895641332,0.3072985104358667
579,0.5438237166183524,0.4561762833816477
580,0.4687693057920661,0.5312306942079339
581,0.269428761641786,0.730571238358214
582,0.3829562885790472,0.6170437114209528
583,0.46901734099924464,0.5309826590007554
584,0.8380714819278268,0.16192851807217326
585,0.4857107161451817,0.5142892838548183
586,0.5243604794496708,0.47563952055032926
587,0.7054911428580055,0.2945088571419945
588,0.5953958159042971,0.4046041840957029
589,0.5187358574199092,0.4812641425800907
590,0.59948437405132,0.40051562594868
591,0.6538143007744955,0.34618569922550446
592,0.6569842640484683,0.3430157359515317
593,0.558443482047451,0.441556517952549
594,0.5234555820141743,0.4765444179858257
595,0.5279965056810969,0.47200349431890304
596,0.37327348280595696,0.626726517194043
597,0.5714095808181723,0.4285904191818277
598,0.6639305789675238,0.3360694210324761
599,0.6338467819705254,0.3661532180294746
600,0.48851935771189836,0.5114806422881016
601,0.48644156155674456,0.5135584384432554
602,0.7274249681189551,0.272575031881045
603,0.3682351174642967,0.6317648825357033
604,0.48039327393709597,0.519606726062904
605,0.5788185856874506,0.4211814143125494
606,0.4610372762649829,0.5389627237350171
607,0.704359848117055,0.29564015188294496
608,0.7722482137073589,0.22775178629264115
609,0.7176692608820369,0.28233073911796314
610,0.5885653402871269,0.41143465971287313
611,0.2160989124239706,0.7839010875760294
612,0.5349031713176329,0.4650968286823671
613,0.5630107495595398,0.4369892504404602
614,0.7258460591988356,0.27415394080116434
615,0.31247190432202054,0.6875280956779795
616,0.5992216577712887,0.40077834222871134
617,0.7876136735510675,0.2123863264489325
618,0.19688323808660269,0.8031167619133973
619,0.8153167751211867,0.18468322487881325
620,0.46817671015562345,0.5318232898443765
621,0.5297180291955386,0.4702819708044614
622,0.7012300964752394,0.2987699035247606
623,0.5320248320547407,0.46797516794525934
624,0.6007946044932213,0.39920539550677864
625,0.4604973794821725,0.5395026205178275
626,0.6244601751104735,0.37553982488952653
627,0.4537031298811649,0.5462968701188351
628,0.7640603920825737,0.23593960791742624
629,0.5890918741400368,0.4109081258599632
630,0.7664532174481534,0.23354678255184658
631,0.5766292455213661,0.4233707544786339
632,0.7254888660902508,0.2745111339097493
633,0.46148690670702963,0.5385130932929704
634,0.6077959284326748,0.3922040715673251
635,0.7200286188244376,0.2799713811755624
636,0.7578877691184822,0.24211223088151776
637,0.6959313017848681,0.304068698215132
638,0.619927632266941,0.38007236773305897
639,0.3135798215594634,0.6864201784405366
640,0.529020985665495,0.4709790143345049
641,0.42472578766643343,0.5752742123335666
642,0.47379197038518917,0.5262080296148108
643,0.5174871869089801,0.4825128130910199
644,0.4800266137438789,0.5199733862561211
645,0.7666303915797101,0.23336960842028992
646,0.7462999353308103,0.2537000646691897
647,0.4142998336200914,0.5857001663799086
648,0.3798423531531603,0.6201576468468397
649,0.5779362510226729,0.42206374897732707
650,0.7222060634153784,0.27779393658462154
651,0.528655903574909,0.47134409642509095
652,0.5685997101649022,0.4314002898350978
653,0.48261579209824557,0.5173842079017544
654,0.6059738888560544,0.39402611114394565
655,0.6190528463348739,0.38094715366512605
656,0.6863631231145423,0.3136368768854577
657,0.7358897645384666,0.26411023546153345
658,0.6345311458828105,0.3654688541171896
659,0.6211325677829144,0.37886743221708563
660,0.7418558315746009,0.2581441684253991
661,0.4945093297570946,0.5054906702429054
662,0.6789308408461618,0.3210691591538381
663,0.6265445817147498,0.3734554182852502
664,0.7389010209738667,0.2610989790261333
665,0.5911137495124312,0.4088862504875688
666,0.4372636345659481,0.5627363654340519
667,0.7219694195289577,0.2780305804710424
668,0.3345345655111137,0.6654654344888863
669,0.6252533201863788,0.37474667981362114
670,0.4055364093649685,0.5944635906350315
671,0.5731102614620915,0.42688973853790846
672,0.5784491531858797,0.42155084681412025
673,0.6538457850955046,0.3461542149044954
674,0.8202316458813004,0.17976835411869962
675,0.6397775087742485,0.3602224912257514
676,0.6455868704057994,0.3544131295942005
677,0.6584102898793429,0.3415897101206571
678,0.694883887424083,0.305116112575917
679,0.5384933621807185,0.4615066378192815
680,0.7343977345597431,0.2656022654402569
681,0.4084319818977138,0.5915680181022862
682,0.664265866099502,0.335734133900498
683,0.6175016119275633,0.38249838807243675
684,0.7200110446018521,0.27998895539814794
685,0.4236763516999509,0.5763236483000491
686,0.49869747072558523,0.5013025292744148
687,0.5377136478134148,0.4622863521865852
688,0.7495644202455735,0.25043557975442654
689,0.3816435699041645,0.6183564300958355
690,0.7410154488436483,0.25898455115635166
691,0.672696672724205,0.3273033272757951
692,0.6947456388188125,0.3052543611811876
693,0.5932307031436792,0.40676929685632074
694,0.3246202305535325,0.6753797694464675
695,0.6079793937857214,0.39202060621427864
696,0.6015926773629376,0.3984073226370623
697,0.5327909598109593,0.46720904018904075
698,0.5402431599636885,0.4597568400363114
699,0.6949508757274778,0.3050491242725221
700,0.55848384974964,0.4415161502503599
701,0.7108337344038907,0.28916626559610925
702,0.4603778891327889,0.5396221108672111
703,0.23037086252392625,0.7696291374760738
704,0.5790088838996491,0.4209911161003509
705,0.4425100466520522,0.5574899533479478
706,0.6547398541948573,0.3452601458051427
707,0.5327697075108797,0.46723029248912035
708,0.7172040536278639,0.2827959463721362
709,0.7520614081104413,0.24793859188955875
710,0.5900283060772591,0.40997169392274085
711,0.6117723349689976,0.38822766503100237
712,0.5453751277674836,0.4546248722325163
713,0.3415773584428977,0.6584226415571023
714,0.6404983404480463,0.3595016595519537
715,0.5767156417997817,0.42328435820021826
716,0.7633953617662842,0.23660463823371583
717,0.6290201981496568,0.3709798018503432
718,0.5224710119146008,0.4775289880853992
719,0.6214995504510545,0.3785004495489455
720,0.5614649884129728,0.4385350115870273
721,0.2710945231790446,0.7289054768209554
722,0.3586378468294176,0.6413621531705824
723,0.5258490223259544,0.47415097767404557
724,0.5406353700041013,0.45936462999589867
725,0.26867250931249065,0.7313274906875094
726,0.7759185786219269,0.22408142137807302
727,0.6818233164313376,0.3181766835686624
728,0.2989751927356151,0.7010248072643849
729,0.602889285760121,0.397110714239879
730,0.717164002952224,0.28283599704777596
731,0.5569055192491261,0.4430944807508739
732,0.42767387164683546,0.5723261283531645
733,0.5654509012390893,0.43454909876091075
734,0.5723346014861417,0.42766539851385826
735,0.5703837857427321,0.429616214257268
736,0.5385340921515016,0.46146590784849845
737,0.6454859480461641,0.3545140519538359
738,0.8631800218704256,0.13681997812957436
739,0.7620602960284033,0.2379397039715967
740,0.6667820186901504,0.3332179813098496
741,0.4847320359967586,0.5152679640032414
742,0.5737038995416532,0.4262961004583468
743,0.39698950656553056,0.6030104934344694
744,0.6268826762173982,0.3731173237826017
745,0.509122739978249,0.4908772600217511
746,0.769494671526018,0.230505328473982
747,0.5035350114077055,0.49646498859229443
748,0.4944941118560071,0.5055058881439929
749,0.3682260103244278,0.6317739896755722
750,0.6119373103362478,0.3880626896637523
751,0.45637672286053166,0.5436232771394683
752,0.7569035248523388,0.24309647514766114
753,0.661347790536098,0.338652209463902
754,0.5326322574968094,0.4673677425031905
755,0.5771834814133144,0.42281651858668556
756,0.38101067023109814,0.6189893297689019
757,0.6415184488854371,0.35848155111456287
758,0.7602354646543744,0.2397645353456256
759,0.8304798311984262,0.16952016880157386
760,0.8051644652462847,0.19483553475371532
761,0.5947871258225503,0.4052128741774496
762,0.7386307749613359,0.26136922503866417
763,0.767816049358274,0.23218395064172603
764,0.7185583424732498,0.2814416575267502
765,0.6688154370227852,0.3311845629772148
766,0.7081378757994284,0.29186212420057156
767,0.5622861582636829,0.43771384173631706
768,0.8434591678421393,0.15654083215786072
769,0.5462834328144577,0.45371656718554226
770,0.325099898470698,0.674900101529302
771,0.5294432335340292,0.4705567664659708
772,0.7776999166064383,0.22230008339356166
773,0.5812380724354531,0.4187619275645469
774,0.44518411684671033,0.5548158831532897
775,0.8114019229899019,0.18859807701009815
776,0.6944223704508585,0.30557762954914147
777,0.46517565811774153,0.5348243418822585
778,0.6520595389534236,0.3479404610465764
779,0.440737026568392,0.559262973431608
780,0.3962140222942203,0.6037859777057797
781,0.5159168826494642,0.4840831173505357
782,0.6798503061897271,0.3201496938102729
783,0.7149280036155962,0.28507199638440384
784,0.7137956750309153,0.2862043249690847
785,0.7538555947016907,0.24614440529830933
786,0.44683970196824097,0.553160298031759
787,0.6630014584605093,0.3369985415394907
788,0.6947930498381307,0.3052069501618692
789,0.498055893998422,0.501944106001578
790,0.5352684744335334,0.4647315255664665
791,0.5782671384844618,0.4217328615155382
792,0.6923238456279833,0.3076761543720167
793,0.5312925219391024,0.46870747806089763
794,0.5949052764888689,0.405094723511131
795,0.6910545771871262,0.3089454228128738
796,0.7640809549815554,0.23591904501844463
797,0.6863468184176238,0.31365318158237615
798,0.5578464877421927,0.44215351225780725
799,0.6592471805254543,0.3407528194745458
800,0.5329941865606986,0.4670058134393014
801,0.6926222784367738,0.3073777215632262
802,0.7378781609060604,0.2621218390939396
803,0.5673397961725359,0.4326602038274641
804,0.6204313855233714,0.37956861447662854
805,0.596712688071749,0.403287311928251
806,0.7367799770735991,0.2632200229264009
807,0.5402734275873657,0.45972657241263426
808,0.44394879211000604,0.556051207889994
809,0.465837076636505,0.534162923363495
810,0.6321708383051764,0.3678291616948236
811,0.6098618060909555,0.3901381939090444
812,0.7669255852797683,0.23307441472023177
813,0.6071095061795464,0.39289049382045366
814,0.39817512810688493,0.6018248718931151
815,0.5608405994297994,0.4391594005702007
816,0.4970428185348966,0.5029571814651034
817,0.9614763493603251,0.038523650639674854
818,0.6117591891207916,0.38824081087920836
819,0.6623214273580256,0.3376785726419745
820,0.7672109282485042,0.2327890717514957
821,0.573185664892691,0.42681433510730904
822,0.6262809783020155,0.37371902169798454
823,0.7719271263468431,0.22807287365315687
824,0.5825607409108897,0.4174392590891102
825,0.4278700172888128,0.5721299827111872
826,0.7420454668422751,0.2579545331577248
827,0.5823313565876573,0.41766864341234267
828,0.6394091183583663,0.36059088164163366
829,0.7662697295182788,0.2337302704817212
830,0.594108040460128,0.405891959539872
831,0.5411105906585316,0.4588894093414683
832,0.31523437671542354,0.6847656232845765
833,0.8045050533518537,0.19549494664814626
834,0.6706225085251198,0.3293774914748801
835,0.6822331642365327,0.31776683576346737
836,0.5977570980003691,0.40224290199963086
837,0.5678506921141744,0.4321493078858256
838,0.5634689744537681,0.4365310255462319
839,0.5744696181597088,0.42553038184029124
840,0.5412046688562187,0.4587953311437813
841,0.341832918846926,0.658167081153074
842,0.40468424962264704,0.595315750377353
843,0.3956296406001323,0.6043703593998677
844,0.6391398101851646,0.3608601898148353
845,0.8154344802103818,0.18456551978961822
846,0.5861369787928141,0.41386302120718593
847,0.6035572709932391,0.396442729006761
848,0.44288105616341733,0.5571189438365827
849,0.33414034976965123,0.6658596502303488
850,0.4837373682780779,0.5162626317219221
851,0.5468400704921337,0.45315992950786627
852,0.5795653493270826,0.4204346506729174
853,0.7028007849637078,0.2971992150362922
854,0.666837002864572,0.3331629971354279
855,0.4479365134119022,0.5520634865880978
856,0.7351730459226322,0.26482695407736784
857,0.46833506756310916,0.5316649324368908
858,0.4854689564928384,0.5145310435071616
859,0.43319892135293425,0.5668010786470657
860,0.6123560593605911,0.3876439406394089
861,0.4942256792334404,0.5057743207665596
862,0.5856608082265161,0.4143391917734839
863,0.736648447789159,0.26335155221084094
864,0.5740240462752735,0.42597595372472646
865,0.7540762879266907,0.24592371207330938
866,0.6485272737520853,0.35147272624791476
867,0.7117973205004403,0.2882026794995597
868,0.7177653659464709,0.28223463405352905
869,0.4364969101654699,0.5635030898345301
870,0.6877319031660872,0.31226809683391277
871,0.6785367442850374,0.3214632557149626
872,0.7264721524760698,0.2735278475239303
873,0.5529981771397663,0.4470018228602337
874,0.5114104823223571,0.48858951767764286
875,0.5813958296951645,0.4186041703048356
876,0.5743474046907941,0.42565259530920585
877,0.41018388604041456,0.5898161139595854
878,0.619474689788292,0.380525310211708
879,0.41678771477954746,0.5832122852204525
880,0.30273395972428674,0.6972660402757133
881,0.37871696865813986,0.6212830313418601
882,0.6280254503946312,0.37197454960536874
883,0.5330267508943382,0.46697324910566185
884,0.4380747140159088,0.5619252859840912
885,0.8381444091291099,0.16185559087089005
886,0.33687179284008073,0.6631282071599193
887,0.3900387471425665,0.6099612528574335
888,0.7891834460472416,0.2108165539527585
889,0.766239499907403,0.233760500092597
890,0.9459226508771619,0.054077349122838146
891,0.6733646210726498,0.32663537892735023
892,0.5249593182253758,0.4750406817746242
893,0.8178764557374365,0.18212354426256347
894,0.5382489376817079,0.46175106231829205
895,0.5161778385182982,0.48382216148170176
896,0.5068932474017568,0.4931067525982432
897,0.5319162832585476,0.4680837167414524
898,0.5754601694610959,0.42453983053890404
899,0.6691284146236973,0.3308715853763026
900,0.6646826217596191,0.3353173782403809
901,0.35353627838848134,0.6464637216115187
902,0.47466674967426215,0.5253332503257379
903,0.6939823738207324,0.30601762617926764
904,0.6622994979991746,0.33770050200082535
905,0.6366685852212142,0.36333141477878583
906,0.8212914334202795,0.17870856657972042
907,0.5069016649903345,0.4930983350096655
908,0.4300949023387963,0.5699050976612037
909,0.4414980829617027,0.5585019170382973
910,0.5717366024894239,0.4282633975105761
911,0.6680339979186436,0.33196600208135635
912,0.5837629201574566,0.41623707984254343
913,0.9136564153366702,0.08634358466332977
914,0.48705872527450234,0.5129412747254977
915,0.7661675347118014,0.23383246528819857
916,0.8022563403223137,0.19774365967768628
917,0.604750795498231,0.395249204501769
918,0.5758328893175177,0.4241671106824823
919,0.474363117735738,0.525636882264262
920,0.7972288416107667,0.20277115838923335
921,0.6433328618759981,0.3566671381240019
922,0.5765817502826812,0.4234182497173188
923,0.442181084313264,0.557818915686736
924,0.7634319040158453,0.23656809598415476
925,0.5413155367351481,0.45868446326485185
926,0.5992096058687661,0.40079039413123385
927,0.5856304306310973,0.4143695693689026
928,0.5822793409559197,0.41772065904408034
929,0.7636318630767798,0.23636813692322017
930,0.6841377564677985,0.3158622435322015
931,0.7912462559456799,0.20875374405432018
932,0.37797927268272924,0.6220207273172708
933,0.6938188625284312,0.3061811374715688
934,0.5173805815784747,0.4826194184215254
935,0.3541900086842137,0.6458099913157863
936,0.9777128695083712,0.022287130491628785
937,0.5194834941145916,0.4805165058854084
938,0.6896657295611035,0.31033427043889644
939,0.838193934940201,0.161806065059799
940,0.7330356203090875,0.26696437969091247
941,0.6185451160839281,0.38145488391607185
942,0.6669442024911945,0.3330557975088056
943,0.3210676698453224,0.6789323301546776
944,0.6804633026265021,0.3195366973734979
945,0.6360700482866124,0.36392995171338766
946,0.426185894488749,0.573814105511251
947,0.46525051334545287,0.5347494866545471
948,0.5781531444739161,0.42184685552608386
949,0.6712581583797644,0.32874184162023556
950,0.5518986034349466,0.44810139656505343
951,0.658239986229892,0.34176001377010795
952,0.7862417389348966,0.21375826106510348
953,0.4768327560411558,0.5231672439588442
954,0.6473421373026125,0.3526578626973876
955,0.4737187438730631,0.5262812561269369
956,0.7213833501116711,0.2786166498883289
957,0.47907508873047777,0.5209249112695222
958,0.5940100075293627,0.4059899924706373
959,0.5871517329573881,0.4128482670426119
960,0.6396243207945806,0.36037567920541935
961,0.8055713029147231,0.19442869708527682
962,0.46079747494043943,0.5392025250595606
963,0.35976559610076164,0.6402344038992384
964,0.6117285668566325,0.38827143314336754
965,0.7234739939559771,0.2765260060440229
966,0.7783643936952789,0.22163560630472115
967,0.8128310027612405,0.18716899723875946
968,0.7614545186426979,0.23854548135730214
969,0.7924205794860453,0.20757942051395478
970,0.7881394182227943,0.2118605817772057
971,0.6329592502271848,0.36704074977281526
972,0.795643059950714,0.204356940049286
973,0.8748046267044846,0.12519537329551542
974,0.6757918967911497,0.3242081032088503
975,0.7081333966906633,0.2918666033093366
976,0.7583854048773906,0.2416145951226094
977,0.6775405787229289,0.322459421277071
978,0.572221282393454,0.42777871760654596
979,0.8023276854810477,0.19767231451895226
980,0.7211108361721486,0.27888916382785145
981,0.652730822051659,0.34726917794834106
982,0.32689767128635283,0.6731023287136472
983,0.7456053227670087,0.25439467723299125
984,0.7072047220368867,0.2927952779631134
985,0.9602361654049054,0.03976383459509461
986,0.2589365914819707,0.7410634085180293
987,0.6061601126895435,0.3938398873104565
988,0.5522648633121392,0.44773513668786086
989,0.4916473360943807,0.5083526639056193
990,0.6391551298300815,0.36084487016991856
991,0.586496933755616,0.41350306624438404
992,0.6426256636132719,0.35737433638672816
993,0.6718608356088118,0.3281391643911881
994,0.3939655670976102,0.6060344329023898
995,0.6511991304241266,0.3488008695758734
996,0.6970286952630065,0.30297130473699346
997,0.5720067523185419,0.42799324768145813
998,0.33021900817523764,0.6697809918247624
999,0.537158865322846,0.46284113467715404
1000,0.7783663369212163,0.2216336630787837
1001,0.7096532855962948,0.2903467144037052
1002,0.5050728850265997,0.49492711497340025
1003,0.6614645321684052,0.3385354678315948
1004,0.5414565896161463,0.45854341038385377
1005,0.6003135822993966,0.3996864177006035
1006,0.7444678106528484,0.2555321893471516
1007,0.5168666234051027,0.48313337659489725
1008,0.695040732654399,0.30495926734560097
1009,0.731068690375279,0.26893130962472106
1010,0.3324688439260073,0.6675311560739927
1011,0.6498089792048525,0.35019102079514747
1012,0.6464204213375895,0.35357957866241047
1013,0.46707254327085546,0.5329274567291445
1014,0.37845912912804747,0.6215408708719525
1015,0.39652005178971483,0.6034799482102852
1016,0.5014927336537214,0.49850726634627857
1017,0.6488234416234029,0.35117655837659717
1018,0.46839841412655225,0.5316015858734477
1019,0.5270928339393841,0.4729071660606159
1020,0.8211789464058904,0.17882105359410963
1021,0.5056376116345724,0.4943623883654276
1022,0.45805715934544766,0.5419428406545523
1023,0.4718952917744067,0.5281047082255933
1024,0.514923415933801,0.48507658406619897
1025,0.7704539134722167,0.22954608652778327
1026,0.770925685067346,0.229074314932654
1027,0.566061927123934,0.43393807287606606
1028,0.671897799110581,0.32810220088941894
1029,0.43761942529622544,0.5623805747037746
1030,0.3689986155716738,0.6310013844283262
1031,0.7672195584487693,0.2327804415512307
1032,0.2222762085153338,0.7777237914846662
1033,0.35935988049230205,0.640640119507698
1034,0.6000484948443259,0.39995150515567407
1035,0.7628493510296365,0.23715064897036356
1036,0.8150264082283812,0.18497359177161873
1037,0.7558074470784121,0.24419255292158792
1038,0.7667249516061345,0.2332750483938655
1039,0.5353619591792536,0.4646380408207464
1040,0.6802124291963674,0.3197875708036326
1041,0.32347710383650574,0.6765228961634943
1042,0.669831786776937,0.33016821322306306
1043,0.6274573615177741,0.37254263848222585
1044,0.655466732675781,0.344533267324219
1045,0.48224754798871894,0.5177524520112811
1046,0.5122958917669538,0.48770410823304616
1047,0.5281776024913711,0.4718223975086289
1048,0.6488238965567454,0.35117610344325456
1049,0.7623730084258054,0.23762699157419467
1050,0.7760344051176286,0.22396559488237144
1051,0.8616924846744582,0.13830751532554178
1052,0.7811706667308509,0.21882933326914908
1053,0.715178728644093,0.28482127135590696
1054,0.5208551758917115,0.47914482410828846
1055,0.7918484833054729,0.20815151669452717
1056,0.44481674278140104,0.555183257218599
1057,0.667963406642673,0.33203659335732705
1058,0.5524897475425825,0.44751025245741755
1059,0.37796189346305253,0.6220381065369475
1060,0.5166930694856557,0.4833069305143442
1061,0.5892881836879812,0.4107118163120188
1062,0.7159708125242927,0.2840291874757073
1063,0.20968153779605092,0.7903184622039491
1064,0.5894245261935636,0.4105754738064365
1065,0.47581743790069775,0.5241825620993023
1066,0.8011462400771616,0.1988537599228384
1067,0.469977592178384,0.530022407821616
1068,0.6918061053930272,0.3081938946069728
1069,0.32879957678077876,0.6712004232192212
1070,0.7135915905814683,0.28640840941853174
1071,0.7260777756806368,0.2739222243193632
1072,0.4270125953958306,0.5729874046041694
1073,0.7872477996148224,0.21275220038517761
1074,0.6723737418118039,0.3276262581881962
1075,0.4672884556670067,0.5327115443329933
1076,0.6171428732414863,0.38285712675851374
1077,0.3416483955775488,0.6583516044224512
1078,0.7020122805258816,0.2979877194741184
1079,0.6271908760276237,0.37280912397237626
1080,0.8361750233646357,0.1638249766353643
1081,0.5121810886307911,0.4878189113692089
1082,0.5868066520602744,0.4131933479397257
1083,0.6866789587938389,0.31332104120616117
1084,0.760848575919464,0.23915142408053605
1085,0.7535946470178461,0.24640535298215394
1086,0.6503522634290384,0.3496477365709616
1087,0.7100983049076288,0.2899016950923712
1088,0.5096609497768982,0.4903390502231018
1089,0.6346533669348575,0.36534663306514253
1090,0.6321110939384889,0.3678889060615112
1091,0.6121370793990917,0.3878629206009084
1092,0.5646710159248245,0.43532898407517545
1093,0.5487801347372931,0.4512198652627069
1094,0.5659889107168745,0.43401108928312543
1095,0.644959392218018,0.355040607781982
1096,0.5052021695945592,0.49479783040544073
1097,0.735514036787092,0.264485963212908
1098,0.796469624757282,0.203530375242718
1099,0.48529461069511703,0.514705389304883
1100,0.570151898999466,0.42984810100053406
1101,0.5167640326689645,0.48323596733103547
1102,0.5744641879403511,0.42553581205964885
1103,0.4879078640234987,0.5120921359765013
1104,0.4673584929666167,0.5326415070333833
1105,0.7601323755539128,0.23986762444608725
1106,0.5790477737154508,0.4209522262845492
1107,0.5743536315340001,0.4256463684659999
1108,0.9251345522497157,0.07486544775028427
1109,0.5695601475548372,0.4304398524451628
1110,0.7531192551597469,0.24688074484025313
1111,0.7555182894523211,0.2444817105476789
1112,0.9570793489119286,0.042920651088071436
1113,0.5526167520646221,0.44738324793537787
1114,0.8083339434318213,0.19166605656817873
1115,0.5226418315230625,0.4773581684769375
1116,0.5551811754715686,0.44481882452843136
1117,0.6302790931003731,0.3697209068996269
1118,0.6691645652767759,0.330835434723224
1119,0.6523060210308067,0.34769397896919335
1120,0.3343316370410583,0.6656683629589417
1121,0.2161207612401772,0.7838792387598228
1122,0.47929533689985826,0.5207046631001417
1123,0.5429192383272906,0.4570807616727094
1124,0.5864525098178092,0.41354749018219084
1125,0.7550883927981574,0.2449116072018426
1126,0.8717342132349473,0.12826578676505274
1127,0.37990759454077627,0.6200924054592237
1128,0.5574570742517029,0.44254292574829707
1129,0.600326494254373,0.399673505745627
1130,0.8406415921444135,0.15935840785558658
1131,0.5703823865106448,0.4296176134893553
1132,0.6524097859554203,0.34759021404457974
1133,0.7167504250166453,0.2832495749833547
1134,0.5872214213305007,0.4127785786694993
1135,0.6906176484265714,0.3093823515734286
1136,0.600232608707875,0.399767391292125
1137,0.5327476444394201,0.4672523555605798
1138,0.55312613835982,0.44687386164017995
1139,0.5600870876897273,0.43991291231027274
1140,0.49461042798779276,0.5053895720122072
1141,0.6827169356508962,0.31728306434910386
1142,0.47083913923968823,0.5291608607603118
1143,0.584265111372952,0.41573488862704805
1144,0.7743685144741153,0.2256314855258848
1145,0.7110523500815917,0.2889476499184083
1146,0.6583321487386157,0.3416678512613843
1147,0.46649869062772964,0.5335013093722704
1148,0.7414895896454191,0.2585104103545809
1149,0.8652084865026034,0.1347915134973966
1150,0.8367061506529042,0.16329384934709576
1151,0.497686332677157,0.502313667322843
1152,0.8218040014411149,0.1781959985588851
1153,0.6194590567203895,0.38054094327961047
1154,0.49943706480982286,0.5005629351901771
1155,0.13096887420888192,0.8690311257911181
1156,0.37200030580110466,0.6279996941988953
1157,0.7740220441339274,0.22597795586607267
1158,0.5883088555428924,0.4116911444571076
1159,0.654437699201013,0.34556230079898703
1160,0.5817639384095252,0.4182360615904747
1161,0.8518968265406182,0.1481031734593818
1162,0.6914639326693093,0.3085360673306908
1163,0.4701768788859927,0.5298231211140073
1164,0.40234295933315023,0.5976570406668498
1165,0.26712033003559676,0.7328796699644032
1166,0.5545708284840831,0.4454291715159169
1167,0.6468573004303557,0.3531426995696442
1168,0.7500742481581949,0.24992575184180507
1169,0.42092313227003764,0.5790768677299624
1170,0.6471345203830812,0.3528654796169188
1171,0.4504338483772038,0.5495661516227962
1172,0.5919449363364957,0.40805506366350436
1173,0.777090091038763,0.222909908961237
1174,0.49661487983586916,0.5033851201641308
1175,0.7787661624805793,0.22123383751942072
1176,0.6007869732077795,0.3992130267922204
1177,0.6918515823711276,0.30814841762887235
1178,0.7151023325554255,0.2848976674445744
1179,0.4422590923963753,0.5577409076036247
1180,0.559884339832887,0.440115660167113
1181,0.4744342834017401,0.5255657165982599
1182,0.7604773049130179,0.2395226950869821
1183,0.30141108359977153,0.6985889164002285
1184,0.6160176826227071,0.3839823173772929
1185,0.808468214787903,0.191531785212097
1186,0.6403563882919178,0.35964361170808223
1187,0.42088517925278357,0.5791148207472164
1188,0.8245889110255683,0.17541108897443172
1189,0.38870619318559907,0.6112938068144009
1190,0.6007827342534249,0.3992172657465751
1191,0.6775985986500693,0.32240140134993067
1192,0.5476444448328429,0.4523555551671571
1193,0.5208813773191581,0.47911862268084193
1194,0.6416321846896881,0.3583678153103119
1195,0.7236312399219448,0.2763687600780552
1196,0.6771838273158368,0.3228161726841631
1197,0.4768821677288584,0.5231178322711416
1198,0.6294957266082766,0.3705042733917235
1199,0.7619349395900623,0.23806506040993775
1200,0.8176829858101349,0.18231701418986518
1201,0.43996590065177854,0.5600340993482215
1202,0.325878230535682,0.674121769464318
1203,0.7349012440174488,0.26509875598255117
1204,0.5349756253992575,0.4650243746007426
1205,0.39770072353767094,0.6022992764623291
1206,0.696596580863384,0.3034034191366159
1207,0.5634246199603428,0.4365753800396572
1208,0.5668252058560302,0.43317479414396975
1209,0.7105286132629136,0.2894713867370864
1210,0.5501947547876997,0.4498052452123003
1211,0.5755320973102138,0.4244679026897861
1212,0.7920788910739165,0.20792110892608356
1213,0.814862968526257,0.18513703147374305
1214,0.6469188019033167,0.35308119809668326
1215,0.5288821613142669,0.4711178386857331
1216,0.5226650909443482,0.47733490905565173
1217,0.5218242095134841,0.47817579048651593
1218,0.49797482846579477,0.5020251715342052
1219,0.8024745540938071,0.19752544590619292
1220,0.7448969354186676,0.25510306458133236
1221,0.603575443955056,0.39642455604494403
1222,0.7699895805818517,0.2300104194181482
1223,0.6657301256573992,0.3342698743426008
1224,0.8249474967387829,0.17505250326121713
1225,0.6365086336121573,0.3634913663878428
1226,0.7992402194616481,0.2007597805383519
1227,0.4858970535706406,0.5141029464293594
1228,0.6419420639874636,0.3580579360125364
1229,0.9611634383903243,0.038836561609675704
1230,0.5023711503911928,0.49762884960880716
1231,0.32467467007115747,0.6753253299288425
1232,0.8503706664148054,0.14962933358519453
1233,0.5002221098625372,0.49977789013746277
1234,0.6544027572114579,0.34559724278854204
1235,0.47331783823990214,0.5266821617600979
1236,0.7088677443148172,0.29113225568518275
1237,0.6152758083150458,0.38472419168495414
1238,0.5306029173526041,0.4693970826473959
1239,0.6288666235100766,0.37113337648992345
1240,0.462483553121803,0.537516446878197
1241,0.3808109856653973,0.6191890143346027
1242,0.9474314925242434,0.052568507475756636
1243,0.5568583896434178,0.4431416103565822
1244,0.47627445356765197,0.523725546432348
1245,0.39252138922280677,0.6074786107771932
1246,0.9531099938784321,0.04689000612156788
1247,0.5965622877405532,0.40343771225944686
1248,0.7759242805622123,0.2240757194377877
1249,0.7042570622412834,0.2957429377587166
1250,0.6480193351045228,0.3519806648954772
1251,0.6297506676540147,0.37024933234598534
1252,0.8525750425640843,0.1474249574359156
1253,0.651999961871834,0.3480000381281661
1254,0.7157289713212447,0.2842710286787553
1255,0.39087589869705286,0.6091241013029471
1256,0.6361621669417266,0.3638378330582735
1257,0.5652328557047288,0.4347671442952712
1258,0.6606432939034316,0.33935670609656843
1259,0.30949755522941036,0.6905024447705896
1260,0.6144593156206483,0.38554068437935174
1261,0.685848024774257,0.314151975225743
1262,0.553864599332109,0.446135400667891
1263,0.4942781984494148,0.5057218015505852
1264,0.39426606547753196,0.605733934522468
1265,0.6940543898293936,0.3059456101706064
1266,0.3585654634634228,0.6414345365365772
1267,0.725031886764459,0.274968113235541
1268,0.7047305161696449,0.29526948383035506
1269,0.6628108496216032,0.33718915037839675
1270,0.49533871206381463,0.5046612879361854
1271,0.4729212159546071,0.5270787840453929
1272,0.5525043655166215,0.4474956344833784
1273,0.3162393006933729,0.6837606993066271
1274,0.6141974664213886,0.3858025335786114
1275,0.7694601091232723,0.23053989087672766
1276,0.5303555448377826,0.46964445516221737
1277,0.5683087850968298,0.43169121490317025
1278,0.4356813400380043,0.5643186599619957
1279,0.7629331507237989,0.2370668492762011
1280,0.3717174577813753,0.6282825422186247
1281,0.6886599655452864,0.3113400344547136
1282,0.32968247711923626,0.6703175228807637
1283,0.8021852898679588,0.19781471013204124
1284,0.637325737125358,0.36267426287464205
1285,0.6118278000728754,0.38817219992712454
1286,0.7093967763381275,0.2906032236618726
1287,0.6438116653131238,0.35618833468687616
1288,0.7124001679390458,0.2875998320609542
1289,0.5112041920445112,0.48879580795548877
1290,0.7344030353854674,0.2655969646145327
1291,0.5799508833736615,0.4200491166263384
1292,0.4148077695403939,0.5851922304596061
1293,0.6625863995219742,0.3374136004780258
1294,0.4595466716008243,0.5404533283991757
1295,0.6251173153668144,0.3748826846331857
1296,0.5524308580451505,0.44756914195484954
1297,0.6387750119391593,0.3612249880608407
1298,0.7334660758244711,0.26653392417552896
1299,0.7734617933460093,0.22653820665399071
1300,0.8718380084494688,0.12816199155053126
1301,0.4841996925780545,0.5158003074219455
1302,0.4910149462848331,0.5089850537151669
1303,0.5627109030965705,0.43728909690342954
1304,0.6971466825553891,0.3028533174446108
1305,0.6147410637426298,0.3852589362573701
1306,0.5891262099999255,0.41087379000007446
1307,0.7028563980080342,0.2971436019919658
1308,0.5270782648118867,0.4729217351881133
1309,0.9252417669535326,0.07475823304646742
1310,0.5623454080158985,0.43765459198410145
1311,0.5812380724354531,0.4187619275645469
1312,0.32170569787722314,0.6782943021227769
1313,0.7031890267616743,0.2968109732383258
1314,0.3279751162409831,0.6720248837590169
1315,0.6661197392149358,0.3338802607850642
1316,0.6049706564288162,0.39502934357118386
1317,0.8143952608895615,0.18560473911043857
1318,0.6192197465574643,0.3807802534425357
1319,0.6064799564835079,0.393520043516492
1320,0.5429520460096531,0.457047953990347
1321,0.7997472409658736,0.2002527590341264
1322,0.5971069773952337,0.40289302260476634
1323,0.5667579896754846,0.43324201032451537
1324,0.6012953795572633,0.3987046204427367
1325,0.2983358004783371,0.7016641995216629
1326,0.7314523851420729,0.26854761485792705
1327,0.9266561562237283,0.07334384377627173
1328,0.5826819737716399,0.4173180262283601
1329,0.6239492243813866,0.37605077561861344
1330,0.5992876795570792,0.40071232044292077
1331,0.21209736908028887,0.7879026309197111
1332,0.6635965158362822,0.33640348416371785
1333,0.44565394256023516,0.5543460574397648
1334,0.25387682790793487,0.7461231720920651
1335,0.7131795797560094,0.2868204202439906
1336,0.6504173881245648,0.34958261187543516
1337,0.546324402243233,0.45367559775676697
1338,0.2933695450229318,0.7066304549770682
1339,0.4292412831841227,0.5707587168158773
1340,0.558641965559464,0.441358034440536
1341,0.771094679900891,0.22890532009910902
1342,0.5702604642013027,0.42973953579869734
1343,0.6422520825571537,0.3577479174428463
1344,0.5361809650912304,0.4638190349087696
1345,0.6799678381483989,0.32003216185160105
1346,0.5217046369912168,0.4782953630087832
1347,0.5264202934924465,0.47357970650755354
1348,0.5583477709316987,0.44165222906830126
1349,0.5041295420329923,0.49587045796700774
1350,0.2934915379767201,0.7065084620232799
1351,0.7554442022352099,0.24455579776479003
1352,0.813024703578112,0.1869752964218881
1353,0.3271485849298329,0.6728514150701671
1354,0.6239438188169928,0.3760561811830072
1355,0.7659497626284678,0.2340502373715322
1356,0.500242798009503,0.49975720199049706
1357,0.42927716639826907,0.5707228336017309
1358,0.4968598239553992,0.5031401760446008
1359,0.9429425061732131,0.05705749382678688
1360,0.7199337790479707,0.28006622095202927
1361,0.6566529163486983,0.3433470836513017
1362,0.6406371698092209,0.3593628301907791
1363,0.7700900864139513,0.2299099135860487
1364,0.6925854115483903,0.30741458845160974
1365,0.5553380191923494,0.44466198080765057
1366,0.5166034384332573,0.4833965615667427
1367,0.5435895240518358,0.45641047594816425
1368,0.48287601683204384,0.5171239831679562
1369,0.6224398934133157,0.37756010658668426
1370,0.593829828562789,0.406170171437211
1371,0.5772741815230202,0.4227258184769798
1372,0.5114995914916124,0.4885004085083876
1373,0.7434532399977041,0.2565467600022959
1374,0.5655510831186419,0.4344489168813581
1375,0.5896907474527641,0.41030925254723594
1376,0.5625140851738031,0.437485914826197
1377,0.19918933893003743,0.8008106610699626
1378,0.6235554691946226,0.3764445308053774
1379,0.5860784972592888,0.41392150274071116
1380,0.48701401302353864,0.5129859869764614
1381,0.7810556622272067,0.21894433777279326
1382,0.41278957554448614,0.5872104244555139
1383,0.5572526233804634,0.44274737661953656
1384,0.4247391100604725,0.5752608899395275
1385,0.499834044924953,0.500165955075047
1386,0.9282688933167108,0.07173110668328922
1387,0.8843096924673345,0.11569030753266554
1388,0.38817433744759133,0.6118256625524087
1389,0.2476869587076872,0.7523130412923128
1390,0.3814186974899476,0.6185813025100524
1391,0.7283168638389517,0.2716831361610484
1392,0.64912225313362,0.35087774686637996
1393,0.42076847510187176,0.5792315248981282
1394,0.6563954785215247,0.34360452147847526
1395,0.9636184295931577,0.036381570406842305
1396,0.8501823706360142,0.1498176293639858
1397,0.5153611465848797,0.48463885341512025
1398,0.5059760224524664,0.4940239775475336
1399,0.24120110252738247,0.7587988974726175
1400,0.47959035766583635,0.5204096423341636
1401,0.7790894071859663,0.22091059281403372
1402,0.7801293328627117,0.21987066713728837
1403,0.716295937701863,0.28370406229813705
1404,0.7505421017479715,0.2494578982520285
1405,0.6530319395423803,0.3469680604576197
1406,0.5029470926047609,0.4970529073952391
1407,0.6122525622839877,0.3877474377160123
1408,0.30080343662625264,0.6991965633737474
1409,0.47381363670817656,0.5261863632918234
1410,0.5476485863775105,0.45235141362248954
1411,0.6121009542885203,0.3878990457114797
1412,0.8314701540938103,0.16852984590618963
1413,0.6265266029335926,0.37347339706640736
1414,0.39093845988982734,0.6090615401101727
1415,0.6517489399744258,0.3482510600255741
1416,0.6369617371222117,0.3630382628777883
1417,0.48626151427437747,0.5137384857256225
1418,0.39295941781950283,0.6070405821804972
1419,0.6129127754145228,0.3870872245854772
1420,0.7154107304695276,0.28458926953047237
1421,0.6908536592975951,0.3091463407024048
1422,0.361084103496226,0.638915896503774
1423,0.6192324826648519,0.3807675173351481
1424,0.3390062092070477,0.6609937907929523
1425,0.5827863770761303,0.4172136229238697
1426,0.7257950711822996,0.2742049288177004
1427,0.9299242330331269,0.07007576696687315
1428,0.7767311556738843,0.22326884432611566
1429,0.7851955053978311,0.2148044946021689
1430,0.4242211523916215,0.5757788476083785
1431,0.543813480796965,0.456186519203035
1432,0.7511192033554452,0.2488807966445548
1433,0.47214967096467764,0.5278503290353224
1434,0.4468064976904914,0.5531935023095086
1435,0.5868178740692627,0.4131821259307373
1436,0.638335163722693,0.3616648362773069
1437,0.6284684488464254,0.37153155115357456
1438,0.653076297020645,0.3469237029793551
1439,0.41018911001953406,0.5898108899804659
1440,0.5722691184382647,0.4277308815617353
1441,0.6002483247656145,0.39975167523438554
1442,0.6750196806095485,0.3249803193904515
1443,0.8102074565737538,0.1897925434262462
1444,0.5553229677261191,0.4446770322738809
1445,0.9411739235052634,0.058826076494736625
1446,0.31104952295022714,0.6889504770497729
1447,0.41121126760634974,0.5887887323936503
1448,0.5752596034825757,0.4247403965174244
1449,0.7008046157759638,0.2991953842240362
1450,0.34401694708333364,0.6559830529166664
1451,0.6981111312176869,0.3018888687823131
1452,0.6127619168928755,0.38723808310712454
1453,0.7523397486807821,0.24766025131921787
1454,0.6508888160213109,0.3491111839786891
1455,0.5958819699428652,0.40411803005713476
1456,0.7151550088033264,0.2848449911966736
1457,0.4705413641597972,0.5294586358402028
1458,0.6726934165184877,0.3273065834815123
1459,0.47283070177782616,0.5271692982221738
1460,0.5003244719258504,0.49967552807414967
1461,0.3088727416973531,0.6911272583026469
1462,0.677075815332312,0.322924184667688
1463,0.3300970316110601,0.6699029683889399
1464,0.6149394405543154,0.3850605594456846
1465,0.6620390823575318,0.33796091764246816
1466,0.34753665429192293,0.6524633457080771
1467,0.35747361081770357,0.6425263891822964
1468,0.6173074146092534,0.3826925853907466
1469,0.8126129572632772,0.18738704273672274
1470,0.6780198764831677,0.32198012351683225
1471,0.4782334054176314,0.5217665945823686
1472,0.5967043804988238,0.4032956195011762
1473,0.7807716933733693,0.21922830662663068
1474,0.30678919332867893,0.6932108066713211
1475,0.7559198102595119,0.2440801897404881
1476,0.7675006777047076,0.23249932229529238
1477,0.7776373091451466,0.2223626908548534
1478,0.7708473887453589,0.2291526112546412
1479,0.7024539099456864,0.2975460900543137
1480,0.3256678060701874,0.6743321939298126
1481,0.4973420380243312,0.5026579619756688
1482,0.6231257660651303,0.37687423393486974
1483,0.5983526912581579,0.40164730874184207
1484,0.5115668928847807,0.4884331071152193
1485,0.787363728335026,0.21263627166497398
1486,0.5856245366145771,0.4143754633854229
1487,0.3838061790794822,0.6161938209205178
1488,0.556837063990183,0.443162936009817
1489,0.6552099159062235,0.3447900840937765
1490,0.3562345994437046,0.6437654005562954
1491,0.8087095707969418,0.19129042920305817
1492,0.5138900884531006,0.4861099115468994
1493,0.6222359473954446,0.37776405260455537
1494,0.3469527836312992,0.6530472163687008
1495,0.6383103147485056,0.3616896852514944
1496,0.2857086291336114,0.7142913708663886
1497,0.7063191486779776,0.2936808513220224
1498,0.4978015985964529,0.5021984014035471
1499,0.5909837458803031,0.40901625411969683
1500,0.6143441048570262,0.3856558951429738
1501,0.6678110666322066,0.3321889333677934
1502,0.45929150904113714,0.5407084909588629
1503,0.6097578797933624,0.3902421202066376
1504,0.7566417506228679,0.24335824937713213
1505,0.42052312211592857,0.5794768778840714
1506,0.5366273220467317,0.4633726779532683
1507,0.5739708727274239,0.42602912727257614
1508,0.5603278810229677,0.4396721189770323
1509,0.8112390049596352,0.18876099504036478
1510,0.8312364374851372,0.1687635625148628
1511,0.6266346053685977,0.3733653946314023
1512,0.5929094519859305,0.4070905480140695
1513,0.5585013716481293,0.4414986283518707
1514,0.38538297152983003,0.61461702847017
1515,0.7529919954084805,0.24700800459151953
1516,0.36076173553678803,0.639238264463212
1517,0.6286097174147485,0.37139028258525153
1518,0.6505284867112757,0.3494715132887242
1519,0.5187312127145064,0.4812687872854936
1520,0.5073813591313783,0.4926186408686217
1521,0.5158448780134168,0.4841551219865831
1522,0.5248646477994339,0.4751353522005662
1523,0.5607151530111514,0.43928484698884857
1524,0.5795381466179668,0.42046185338203323
1525,0.5719359463566998,0.4280640536433003
1526,0.6868922168233036,0.3131077831766964
1527,0.8086041528999084,0.19139584710009155
1528,0.4969140476788496,0.5030859523211504
1529,0.7559510774303889,0.24404892256961105
1530,0.5003702854253791,0.4996297145746209
1531,0.8143745300507357,0.18562546994926435
1532,0.9438618577510666,0.05613814224893341
1533,0.4569248631179499,0.5430751368820501
1534,0.45345070398280063,0.5465492960171994
1535,0.2670900845157169,0.7329099154842831
1536,0.49909105441845947,0.5009089455815405
1537,0.32091956167672897,0.679080438323271
1538,0.29877147682546046,0.7012285231745395
1539,0.7585903802368059,0.24140961976319408
1540,0.7901878228120087,0.20981217718799122
1541,0.5701031731827315,0.42989682681726854
1542,0.7694550616050859,0.23054493839491413
1543,0.7266385755610112,0.27336142443898875
1544,0.4521715790351273,0.5478284209648727
1545,0.6039045045863197,0.3960954954136803
1546,0.7298179370523943,0.27018206294760566
1547,0.633873452641077,0.3661265473589231
1548,0.6534346877692128,0.34656531223078724
1549,0.8411651312224551,0.15883486877754494
1550,0.5362154360333039,0.4637845639666961
1551,0.41738394670836865,0.5826160532916314
1552,0.5925243251697878,0.40747567483021224
1553,0.5969256684279913,0.40307433157200867
1554,0.551991227092512,0.44800877290748803
1555,0.7597157339521379,0.24028426604786207
1556,0.4541974912509035,0.5458025087490965
1557,0.5460807384513983,0.45391926154860174
1558,0.9540797457408113,0.04592025425918868
1559,0.6204573163935885,0.3795426836064115
1560,0.567170991420183,0.43282900857981693
1561,0.5733632244244364,0.4266367755755635
1562,0.7704826198251669,0.22951738017483314
1563,0.6729113834422082,0.3270886165577917
1564,0.699098671657534,0.3009013283424659
1565,0.5021762231205873,0.49782377687941276
1566,0.6430449043423799,0.35695509565762007
1567,0.4962266461897612,0.5037733538102388
1568,0.5175245400944759,0.48247545990552415
1569,0.7425471712877585,0.25745282871224157
1570,0.5069916248278381,0.49300837517216184
1571,0.5589821198992648,0.44101788010073517
1572,0.4003889161504942,0.5996110838495058
1573,0.620362413856604,0.379637586143396
1574,0.5859343897141975,0.4140656102858024
1575,0.3878894849822203,0.6121105150177797
1576,0.7388996900802804,0.26110030991971955
1577,0.5718375518660656,0.42816244813393445
1578,0.29654747993502417,0.7034525200649758
1579,0.3858132590155784,0.6141867409844216
1580,0.5707479731390763,0.42925202686092373
1581,0.6177096102186093,0.3822903897813908
1582,0.7602518074151352,0.23974819258486482
1583,0.6261780536351222,0.3738219463648778
1584,0.6780353693037041,0.3219646306962959
1585,0.837868082938577,0.16213191706142302
1586,0.6063575075621392,0.39364249243786076
1587,0.2684568980347919,0.7315431019652081
1588,0.5000600435101887,0.49993995648981127
1589,0.5832227675313664,0.41677723246863363
1590,0.6353823288341194,0.3646176711658807
1591,0.7126649322131156,0.2873350677868844
1592,0.6677870372305617,0.3322129627694384
1593,0.7494407832075702,0.25055921679242976
1594,0.45136668385501144,0.5486333161449886
1595,0.6067262078266269,0.39327379217337305
1596,0.7494103633399953,0.2505896366600046
1597,0.4734718385464348,0.5265281614535652
1598,0.3156584457528545,0.6843415542471455
1599,0.45010155021483766,0.5498984497851623
1600,0.529880078101139,0.47011992189886104
1601,0.5619902813069255,0.4380097186930744
1602,0.6799614773597479,0.3200385226402521
1603,0.5317408829865445,0.46825911701345546
1604,0.6180447238396001,0.3819552761604
1605,0.7898656510072426,0.21013434899275737
1606,0.45205389858439404,0.547946101415606
1607,0.2146032262845209,0.7853967737154791
1608,0.6494843901973522,0.3505156098026479
1609,0.6927583587074417,0.3072416412925582
1610,0.17047159066262285,0.8295284093373771
1611,0.726466765633478,0.27353323436652205
1612,0.5849496970560775,0.41505030294392253
1613,0.3223865609924521,0.6776134390075479
1614,0.41600019362851093,0.5839998063714891
1615,0.5198059192494171,0.48019408075058295
1616,0.7013262197683686,0.2986737802316314
1617,0.7765448382998997,0.2234551617001003
1618,0.5979412920902855,0.40205870790971454
1619,0.39643748819166835,0.6035625118083316
1620,0.6332021429491312,0.3667978570508688
1621,0.3075499384081021,0.6924500615918979
1622,0.3241371892681555,0.6758628107318445
1623,0.7798932467448412,0.22010675325515883
1624,0.6290232831448472,0.3709767168551527
1625,0.5757143928605357,0.42428560713946434
1626,0.7991059834086169,0.200894016591383
1627,0.7463883134250913,0.2536116865749088
1628,0.9557068697442966,0.04429313025570339
1629,0.7023225826075095,0.2976774173924906
1630,0.6767083257572032,0.3232916742427968
1631,0.7523863468478172,0.24761365315218276
1632,0.5538090812379808,0.44619091876201916
1633,0.6169020658330863,0.38309793416691373
1634,0.6585804044199042,0.3414195955800959
1635,0.6810988044749753,0.3189011955250247
1636,0.525653107587244,0.47434689241275596
1637,0.5888914848054554,0.41110851519454455
1638,0.39482344311694406,0.6051765568830559
1639,0.8755881473000399,0.12441185269996018
1640,0.27161338705975235,0.7283866129402476
1641,0.2611631326264746,0.7388368673735254
1642,0.777519079338843,0.22248092066115702
1643,0.5316455499814259,0.46835445001857406
1644,0.5334998684893285,0.4665001315106715
1645,0.7577667961360415,0.2422332038639585
1646,0.8579562266913399,0.14204377330866008
1647,0.7309192026750058,0.26908079732499424
1648,0.34323666260267893,0.6567633373973211
1649,0.5344373433297078,0.4655626566702921
1650,0.5219244479782942,0.4780755520217058
1651,0.5139885982479003,0.48601140175209967
1652,0.7904671449758293,0.2095328550241707
1653,0.904012017382074,0.0959879826179259
1654,0.5827532307518408,0.41724676924815923
1655,0.44720882227959136,0.5527911777204086
1656,0.6549140195191379,0.3450859804808622
1657,0.22684933467858936,0.7731506653214106
1658,0.6334730031848461,0.3665269968151539
1659,0.7995939007341236,0.20040609926587638
1660,0.6971763892667839,0.3028236107332161
1661,0.5192882407505162,0.4807117592494838
1662,0.7875129818406459,0.21248701815935414
1663,0.16584343752842678,0.8341565624715732
1664,0.4580474326115096,0.5419525673884904
1665,0.6107967577555062,0.38920324224449376
1666,0.7142786124466287,0.28572138755337123
1667,0.594919297451576,0.40508070254842404
1668,0.7316422514723333,0.2683577485276667
1669,0.6376445135879166,0.36235548641208337
1670,0.6728758568425925,0.3271241431574074
1671,0.5190472199691856,0.48095278003081443
1672,0.9572006117222001,0.042799388277799943
1673,0.6895244421814315,0.31047555781856856
1674,0.5264118653104046,0.4735881346895954
1675,0.4852115277318798,0.5147884722681202
1676,0.7348267361196047,0.2651732638803953
1677,0.8129310166874412,0.1870689833125588
1678,0.5881122617984529,0.41188773820154706
1679,0.39568886955086935,0.6043111304491307
1680,0.23450194944280633,0.7654980505571937
1681,0.702624277841882,0.297375722158118
1682,0.7271943646734322,0.2728056353265677
1683,0.6269044573838705,0.3730955426161296
1684,0.6845924094107783,0.31540759058922174
1685,0.4220154508314564,0.5779845491685436
1686,0.5293572740722685,0.4706427259277315
1687,0.865129166276712,0.13487083372328795
1688,0.5163776873338666,0.4836223126661335
1689,0.15786011060415683,0.8421398893958432
1690,0.37270539784871715,0.6272946021512829
1691,0.6984549851308591,0.30154501486914087
1692,0.718592619420791,0.28140738057920905
1693,0.4655654852062867,0.5344345147937133
1694,0.7209171621971504,0.27908283780284954
1695,0.6010985757758673,0.3989014242241327
1696,0.6466483474730835,0.35335165252691647
1697,0.7066872473869075,0.29331275261309253
1698,0.6648417575696263,0.33515824243037373
1699,0.6430275252221602,0.3569724747778397
1700,0.5525622784630188,0.44743772153698125
1701,0.38734935278916427,0.6126506472108357
1702,0.4925362554234778,0.5074637445765222
1703,0.4888921422959872,0.5111078577040128
1704,0.6855533484948261,0.3144466515051739
1705,0.2822580646976708,0.7177419353023292
1706,0.40675476043247916,0.5932452395675208
1707,0.6849579736741525,0.3150420263258476
1708,0.6130509370996194,0.38694906290038056
1709,0.726895159485872,0.273104840514128
1710,0.8364803079175112,0.16351969208248882
1711,0.5093191815574167,0.4906808184425833
1712,0.7613889056052263,0.23861109439477365
1713,0.5284251396356805,0.47157486036431956
1714,0.6671037753865636,0.33289622461343643
1715,0.6105648051002077,0.3894351948997922
1716,0.4573621197597588,0.5426378802402412
1717,0.655051162534674,0.34494883746532606
1718,0.33315054018976165,0.6668494598102384
1719,0.3863025063479444,0.6136974936520556
1720,0.37055907660970033,0.6294409233902997
1721,0.6448247024864029,0.3551752975135971
1722,0.4545239340327837,0.5454760659672163
1723,0.35182903258778775,0.6481709674122123
1724,0.6368961937025575,0.3631038062974426
1725,0.4945461616428163,0.5054538383571837
1726,0.6894973085458318,0.31050269145416814
1727,0.6596627868233217,0.3403372131766783
1728,0.3649857287300221,0.6350142712699779
1729,0.22600552992443346,0.7739944700755665
1730,0.5881699267012489,0.4118300732987511
1731,0.6855858132413097,0.31441418675869026
1732,0.7133239584047794,0.28667604159522064
1733,0.6694205795588443,0.33057942044115574
1734,0.6070739925095143,0.3929260074904857
1735,0.7451830998488655,0.25481690015113445
1736,0.5239045189145728,0.47609548108542726
1737,0.5571028630600265,0.44289713693997346
1738,0.6794634504478672,0.32053654955213284
1739,0.8443134865942334,0.15568651340576656
1740,0.6229200963619693,0.3770799036380307
1741,0.7393622312686303,0.26063776873136973
1742,0.6993966758909249,0.30060332410907514
1743,0.4464837665779988,0.5535162334220012
1744,0.37813829702111224,0.6218617029788878
1745,0.6012254140778,0.3987745859222001
1746,0.386306407614873,0.613693592385127
1747,0.5179393265406753,0.48206067345932474
1748,0.5898308755911641,0.41016912440883585
1749,0.6079854648818845,0.3920145351181155
1750,0.8158682533586838,0.1841317466413162
1751,0.7210735709079017,0.27892642909209836
1752,0.5077484678759407,0.4922515321240593
1753,0.6594675702413748,0.34053242975862524
1754,0.23884436233677497,0.761155637663225
1755,0.4060346105826079,0.5939653894173921
1756,0.5734177751489118,0.42658222485108815
1757,0.6279936859659554,0.3720063140340446
1758,0.6445213671766781,0.3554786328233219
1759,0.2184855659420757,0.7815144340579243
1760,0.6764523482963705,0.32354765170362954
1761,0.6308699794166757,0.3691300205833244
1762,0.8295595518372629,0.1704404481627371
1763,0.8823622863399894,0.1176377136600106
1764,0.6824751671606184,0.31752483283938154
1765,0.6538053725231603,0.3461946274768397
1766,0.717839429145941,0.282160570854059
1767,0.7153618766583363,0.2846381233416637
1768,0.6437711118313794,0.35622888816862064
1769,0.6231711880167237,0.37682881198327633
1770,0.5643300028393297,0.43566999716067034
1771,0.6867312773819301,0.31326872261806993
1772,0.9456691744011532,0.054330825598846826
1773,0.8571472849381482,0.14285271506185185
1774,0.633141732148961,0.3668582678510391
1775,0.6239032907448756,0.37609670925512434
1776,0.96584109909187,0.03415890090812998
1777,0.6949094081387572,0.3050905918612428
1778,0.6692574811461858,0.3307425188538143
1779,0.6937737450271184,0.3062262549728816
1780,0.746231930655946,0.25376806934405405
1781,0.8122831920239694,0.18771680797603063
1782,0.7617869938267142,0.2382130061732858
1783,0.6540624151885425,0.34593758481145753
1784,0.30740052882762225,0.6925994711723777
1785,0.6977599664844727,0.30224003351552736
1786,0.7009449812997406,0.29905501870025936
1787,0.9504320862129486,0.04956791378705143
1788,0.5969710116278721,0.4030289883721279
1789,0.5715463490302021,0.42845365096979793
1790,0.685308588686295,0.31469141131370504
1791,0.5564756996212743,0.4435243003787257
1792,0.5280484494078722,0.4719515505921278
1793,0.6521002703657549,0.3478997296342451
1794,0.49107708200837374,0.5089229179916263
1795,0.6298074409025554,0.37019255909744464
1796,0.7358476635820901,0.2641523364179099
1797,0.3003318666509276,0.6996681333490724
1798,0.4830555922716403,0.5169444077283597
1799,0.7786419420214026,0.22135805797859748
1800,0.6578974821438577,0.34210251785614226
1801,0.6847358633221599,0.31526413667784015
1802,0.7993633728460681,0.20063662715393196
1803,0.6457290384471464,0.3542709615528537
1804,0.39279317764856614,0.6072068223514339
1805,0.7172114398117431,0.282788560188257
1806,0.5250832758248706,0.4749167241751294
1807,0.5401030204606434,0.45989697953935654
1808,0.5342279813723021,0.46577201862769785
1809,0.6580660919073571,0.34193390809264296
1810,0.6179706869260675,0.3820293130739325
1811,0.629034341118412,0.37096565888158795
1812,0.607121755744593,0.39287824425540696
1813,0.3000566771540518,0.6999433228459482
1814,0.575011428002658,0.42498857199734197
1815,0.48299866183618867,0.5170013381638113
1816,0.7929222074654462,0.20707779253455383
1817,0.6015151211272047,0.39848487887279527
1818,0.5210267369316437,0.47897326306835636
1819,0.5462780285933024,0.4537219714066976
1820,0.9536150960209531,0.046384903979046904
1821,0.7018750625186924,0.29812493748130764
1822,0.561828584807589,0.43817141519241104
1823,0.39668884449919417,0.6033111555008058
1824,0.4272881350285792,0.5727118649714208
1825,0.7420605025935509,0.25793949740644906
1826,0.8484040121322665,0.15159598786773348
1827,0.2680981138543055,0.7319018861456945
1828,0.6729274271761365,0.32707257282386343
1829,0.6859233391055268,0.3140766608944731
1830,0.49790381297077557,0.5020961870292244
1831,0.6183745517145638,0.3816254482854362
1832,0.612080335179974,0.38791966482002604
1833,0.4412898512059614,0.5587101487940386
1834,0.2648186610683759,0.7351813389316241
1835,0.5884946390969413,0.41150536090305867
1836,0.4941145625523906,0.5058854374476094
1837,0.6081120750615518,0.3918879249384482
1838,0.6718956737226454,0.32810432627735464
1839,0.7069569967286946,0.2930430032713054
1840,0.7112310866008396,0.2887689133991604
1841,0.5951634399788301,0.40483656002116986
1842,0.34077142392433135,0.6592285760756686
1843,0.5297074918815167,0.47029250811848333
1844,0.6563212201748694,0.3436787798251306
1845,0.5927580702059212,0.4072419297940788
1846,0.4827739733092924,0.5172260266907076
1847,0.8410303065060151,0.1589696934939849
1848,0.5120644745665893,0.4879355254334107
1849,0.5807359509549045,0.4192640490450955
1850,0.5898934479523793,0.4101065520476207
1851,0.7387928531858697,0.26120714681413026
1852,0.6180839655616042,0.3819160344383959
1853,0.36202135706580274,0.6379786429341973
1854,0.6888543510237862,0.3111456489762138
1855,0.5744718223511436,0.4255281776488565
1856,0.7456543274434633,0.25434567255653673
1857,0.5659460961488486,0.4340539038511514
1858,0.753406429733132,0.24659357026686804
1859,0.39731453340530754,0.6026854665946925
1860,0.7018934089223179,0.29810659107768217
1861,0.5729731977077442,0.42702680229225576
1862,0.7124091428290376,0.2875908571709625
1863,0.7148786690287517,0.28512133097124825
1864,0.9304805381724663,0.06951946182753362
1865,0.5406793874652851,0.4593206125347149
1866,0.5004079982694973,0.49959200173050267
1867,0.5137435563454257,0.4862564436545743
1868,0.47174182527054986,0.5282581747294501
1869,0.7752625774460787,0.22473742255392126
1870,0.3506853653751376,0.6493146346248624
1871,0.4571985452741968,0.5428014547258032
1872,0.5484715956256041,0.45152840437439595
1873,0.6052293294490183,0.39477067055098175
1874,0.6116563408207378,0.3883436591792621
1875,0.6787992049632773,0.3212007950367227
1876,0.5777335378103865,0.42226646218961356
1877,0.7560442991761993,0.24395570082380064
1878,0.6859761308991237,0.31402386910087626
1879,0.5849262311152739,0.4150737688847262
1880,0.6266128731011651,0.37338712689883485
1881,0.7675114360379807,0.2324885639620194
1882,0.5861084958280305,0.4138915041719695
1883,0.6275698023023866,0.3724301976976134
1884,0.17666730404749298,0.823332695952507
1885,0.6958147159862057,0.3041852840137943
1886,0.5487934928337985,0.4512065071662015
1887,0.6209903522983482,0.3790096477016518
1888,0.7773287837428369,0.2226712162571631
1889,0.5055363894519653,0.4944636105480346
1890,0.40020052752649593,0.5997994724735041
1891,0.5231800979910667,0.4768199020089333
1892,0.48159190293219134,0.5184080970678087
1893,0.600027957338475,0.39997204266152503
1894,0.579528965096279,0.42047103490372095
1895,0.94927433629465,0.050725663705350046
1896,0.526706922816847,0.47329307718315305
1897,0.6293087809553811,0.3706912190446189
1898,0.5908222257106386,0.4091777742893615
1899,0.6413075221231024,0.3586924778768977
1900,0.5120725639533936,0.4879274360466064
1901,0.3717398700394381,0.6282601299605619
1902,0.5272338212813439,0.47276617871865617
1903,0.5427423494081771,0.45725765059182283
1904,0.6931838101203324,0.30681618987966763
1905,0.5663430391888504,0.4336569608111495
1906,0.566575861675556,0.43342413832444404
1907,0.6970901876721228,0.30290981232787717
1908,0.4127234573898583,0.5872765426101417
1909,0.5466609594770597,0.4533390405229403
1910,0.6802563891676021,0.3197436108323979
1911,0.9389140681292609,0.06108593187073911
1912,0.5668116419721303,0.43318835802786965
1913,0.5524564744130853,0.4475435255869147
1914,0.47768200598505683,0.5223179940149432
1915,0.6021872693808095,0.3978127306191905
1916,0.5001696951712178,0.4998303048287822
1917,0.5934935352749205,0.40650646472507945
1918,0.7478062692387752,0.25219373076122475
1919,0.6644667677414584,0.33553323225854165
1920,0.731346609488241,0.2686533905117589
1921,0.7243387623096575,0.2756612376903425
1922,0.72179526908135,0.27820473091864995
1923,0.5758293503284053,0.4241706496715947
1924,0.729534163767551,0.2704658362324491
1925,0.7319779538776578,0.26802204612234215
1926,0.8397508712832598,0.16024912871674027
1927,0.522859769905787,0.477140230094213
1928,0.34882657626608427,0.6511734237339157
1929,0.7491269665159677,0.2508730334840324
1930,0.7682578364273882,0.23174216357261182
1931,0.47606071744527856,0.5239392825547214
1932,0.5615644397777536,0.4384355602222464
1933,0.40911245725407697,0.590887542745923
1934,0.5493324842472298,0.45066751575277025
1935,0.535857006159752,0.46414299384024804
1936,0.35628152740349583,0.6437184725965042
1937,0.6302450584889459,0.3697549415110541
1938,0.948634493915443,0.05136550608455709
1939,0.7475627067734878,0.25243729322651215
1940,0.48279683091733794,0.5172031690826621
1941,0.7333843895815888,0.26661561041841114
1942,0.5928519963274856,0.40714800367251436
1943,0.7219457597776875,0.2780542402223125
1944,0.738347008729876,0.261652991270124
1945,0.6789047197765559,0.3210952802234441
1946,0.7012263151992035,0.2987736848007965
1947,0.7314524188830038,0.2685475811169962
1948,0.31706858746934585,0.6829314125306541
1949,0.4898760722894352,0.5101239277105648
1950,0.5549127143345749,0.4450872856654251
1951,0.8089625329362853,0.1910374670637147
1952,0.6753548369245368,0.3246451630754632
1953,0.5884529477310583,0.41154705226894167
1954,0.2739529268764992,0.7260470731235008
1955,0.6787757155527883,0.3212242844472117
1956,0.7379667190675656,0.26203328093243433
1957,0.6692936241933223,0.33070637580667767
1958,0.5801005048606334,0.4198994951393667
1959,0.5712629165430306,0.42873708345696937
1960,0.4098784254151794,0.5901215745848206
1961,0.9665474515314034,0.03345254846859662
1962,0.31925546008478367,0.6807445399152163
1963,0.6654635558286568,0.3345364441713432
1964,0.8127903191914413,0.18720968080855874
1965,0.5870313288663088,0.4129686711336912
1966,0.771930675013143,0.22806932498685697
1967,0.7084063913502898,0.2915936086497101
1968,0.6967805112997383,0.3032194887002618
1969,0.6899068343059197,0.3100931656940803
1970,0.8692624504410579,0.13073754955894215
1971,0.6602418352827975,0.3397581647172025
1972,0.636329935110482,0.36367006488951803
1973,0.30160999603164484,0.6983900039683552
1974,0.3144016453457086,0.6855983546542914
1975,0.5035458261982528,0.4964541738017471
1976,0.5772156287408587,0.4227843712591412
1977,0.6693067664276833,0.33069323357231667
1978,0.6117728692485962,0.38822713075140375
1979,0.9727122670168059,0.027287732983194066
1980,0.4732333700449609,0.5267666299550391
1981,0.5464333294435668,0.45356667055643324
1982,0.7655341718977762,0.23446582810222388
1983,0.48657013810792427,0.5134298618920757
1984,0.9423013893944008,0.05769861060559926
1985,0.6383493120857091,0.36165068791429095
1986,0.551560048662455,0.44843995133754505
1987,0.7391667749316482,0.2608332250683519
1988,0.566225074910141,0.433774925089859
1989,0.6256375756250936,0.37436242437490636
1990,0.6845978033380825,0.3154021966619175
1991,0.789392158641149,0.21060784135885102
1992,0.6662140154251852,0.33378598457481484
1993,0.3734809573271686,0.6265190426728314
1994,0.6507357762530362,0.34926422374696375
1995,0.7024663251858575,0.2975336748141425
1996,0.6330321653616554,0.3669678346383446
1997,0.4269778359065296,0.5730221640934704
1998,0.36786663641150297,0.632133363588497
1999,0.36370484843864803,0.636295151561352
